{
    "data": {
        "b:p200_Single": {
            "calibration_data": {
                "A3": {
                    "children": {
                        "tiprack-200ul": {
                            "delta": "{\"y\": 5.660000000000025, \"z\": -31.0, \"x\": 3.259999999999998}",
                            "type": "tiprack-200ul"
                        }
                    }
                }
            },
            "positions": {
                "top": 6.0,
                "bottom": 20.0,
                "drop_tip": 25.5,
                "blow_out": 21.5
            },
            "max_volume": 200
        }
    },
    "version": 1
}